employee_id,first_name,last_name,email,phone_number,hire_date,job_id,salary,department_id,manager_id
1,Esteban,MacLardie,emaclardie0@studiopress.com,658-728-9234,11/13/2013,2,53666.57,3,29
2,Jean,Pinshon,jpinshon1@sourceforge.net,285-228-5643,3/20/2021,9,118677.31,4,17
3,Concettina,Duinbleton,cduinbleton2@bloomberg.com,275-837-6932,9/13/2012,8,102751.28,2,15
4,Stella,Burford,sburford3@parallels.com,396-474-9657,6/14/2018,5,54840.05,5,21
5,Enos,Fenge,efenge4@over-blog.com,993-117-7397,2/16/2014,7,52663.71,5,10
6,Stanislas,Richter,srichter5@imgur.com,274-140-7008,3/16/2019,10,131719.27,5,7
7,Lambert,Fearnside,lfearnside6@wsj.com,692-139-1950,9/5/2022,3,53628.08,4,4
8,Annabel,Rustan,arustan7@goodreads.com,253-450-5977,4/3/2011,6,109027.12,1,11
9,Tiffy,Piers,tpiers8@list-manage.com,561-623-6507,5/6/2014,7,64066.16,4,19
10,Lorri,Frarey,lfrarey9@house.gov,672-809-3244,4/14/2012,3,98625.84,4,15
11,Westley,Jindracek,wjindraceka@cbc.ca,938-314-6741,11/11/2023,10,142857.69,5,28
12,Phillipe,Patise,ppatiseb@geocities.com,423-232-4718,12/30/2010,4,113685.32,3,25
13,Quincy,Thow,qthowc@state.gov,120-853-8434,7/3/2017,4,83272.09,1,8
14,Karleen,Newbold,knewboldd@techcrunch.com,739-442-8866,9/14/2016,9,141927.72,3,1
15,Simon,Wimmers,swimmerse@networkadvertising.org,858-867-1170,7/24/2013,3,109938.31,4,10
16,Virgie,Dils,vdilsf@examiner.com,653-383-0504,7/11/2022,1,85241.95,2,23
17,Sibyl,McGilben,smcgilbeng@sciencedirect.com,973-734-6907,8/18/2023,3,65377.38,4,19
18,Barbette,Edgeller,bedgellerh@pbs.org,498-811-2052,10/20/2022,1,58980.61,3,24
19,Cherri,Pauwel,cpauweli@uiuc.edu,565-144-8725,8/14/2017,5,94969.85,3,7
20,Wynnie,Pietron,wpietronj@hostgator.com,773-853-9459,12/25/2023,7,70521.99,4,17
21,Merline,Fishly,mfishlyk@wisc.edu,431-951-0551,8/29/2019,1,73998.33,1,18
22,Dominick,Hedley,dhedleyl@themeforest.net,709-792-8095,4/19/2013,5,135049.75,2,8
23,Friedrick,Ziemen,fziemenm@sphinn.com,852-122-9329,6/17/2019,5,82237.6,2,3
24,Andrea,Feldman,afeldmann@ft.com,393-227-6004,7/8/2011,7,70471.34,3,5
25,Sada,Emanuelli,semanuellio@foxnews.com,191-711-3570,4/19/2016,8,50072.87,5,1
26,Gilbertina,Maclaine,gmaclainep@chronoengine.com,389-917-5053,10/1/2016,7,77715.84,1,1
27,Selma,Wickson,swicksonq@blinklist.com,765-495-2327,8/7/2020,9,123863.84,5,12
28,Lucila,Castenda,lcastendar@studiopress.com,598-169-5430,2/16/2019,2,48047.58,5,9
29,Essy,Cabrer,ecabrers@constantcontact.com,801-596-0957,12/16/2017,6,125530.93,5,12
30,Garrot,Adamiec,gadamiect@imgur.com,985-925-0475,3/19/2019,2,107704.77,5,12
31,Julee,Jentges,jjentgesu@bbb.org,405-129-4785,4/20/2010,6,113583.79,4,29
32,Niven,Windram,nwindramv@bandcamp.com,705-249-4642,12/31/2012,6,77971.24,1,15
33,Boot,Wye,bwyew@moonfruit.com,375-185-5318,8/23/2011,3,54634.63,1,26
34,Orly,Ottley,oottleyx@globo.com,417-762-2495,2/9/2014,9,124898.72,5,6
35,Godfrey,Bencher,gbenchery@amazon.com,813-803-6366,4/3/2014,9,83711.69,4,7
36,Bendix,Sainsberry,bsainsberryz@last.fm,656-429-2962,4/20/2014,1,125870.66,2,18
37,Brucie,Boag,bboag10@guardian.co.uk,409-255-1439,5/12/2012,7,122458.0,2,3
38,Aili,Greening,agreening11@51.la,922-691-4032,10/31/2014,5,59405.54,3,24
39,Lizette,Collimore,lcollimore12@naver.com,974-467-0186,6/8/2022,1,69384.19,2,15
40,Moria,Roussel,mroussel13@berkeley.edu,603-793-6780,12/17/2024,10,105181.03,1,17
41,Ezmeralda,Jillard,ejillard14@zdnet.com,506-311-0809,12/11/2011,3,143187.21,3,7
42,Ema,Priddis,epriddis15@blogger.com,104-125-0589,4/17/2010,6,98825.4,5,19
43,Shermie,Ramsden,sramsden16@mediafire.com,234-219-7920,10/30/2020,1,116495.14,2,5
44,Anderea,Cuttle,acuttle17@samsung.com,672-116-4535,4/29/2015,4,64767.56,5,20
45,Addie,Simonard,asimonard18@va.gov,918-484-4504,8/31/2022,9,80555.03,4,16
46,Hamil,Shearer,hshearer19@scientificamerican.com,701-212-6839,2/3/2014,8,64378.73,5,5
47,Zorah,Shurville,zshurville1a@bloomberg.com,705-850-3620,1/12/2014,2,100738.36,2,5
48,Elli,Pamphilon,epamphilon1b@geocities.jp,209-713-6932,8/18/2019,1,110045.19,3,7
49,Reeva,Bolliver,rbolliver1c@lulu.com,749-498-3427,1/5/2022,1,128328.27,5,15
50,Florencia,O'Mullally,fomullally1d@squidoo.com,222-678-2899,12/15/2019,2,127564.97,1,23
51,Angele,McIlherran,amcilherran1e@disqus.com,112-634-3237,2/20/2011,6,126824.0,5,9
52,Lilith,Crowe,lcrowe1f@jimdo.com,561-507-6329,11/6/2013,2,57938.82,3,5
53,Mattie,Kynforth,mkynforth1g@example.com,870-370-7890,8/25/2011,4,136444.32,4,2
54,Sandy,O'Donovan,sodonovan1h@woothemes.com,113-843-2410,4/24/2023,1,125047.49,3,24
55,Bekki,Tickle,btickle1i@usda.gov,591-402-9072,5/28/2019,1,54482.96,4,17
56,Marlie,Fry,mfry1j@slashdot.org,805-697-3814,1/8/2024,4,112611.33,1,4
57,Gelya,Heskin,gheskin1k@cyberchimps.com,910-817-3375,8/26/2014,7,98640.92,1,20
58,Brietta,Dempsey,bdempsey1l@dmoz.org,718-140-8467,4/7/2011,7,72678.95,1,29
59,Janeen,Jenk,jjenk1m@ucsd.edu,532-524-9596,2/24/2017,4,71520.1,2,13
60,Lucretia,Yves,lyves1n@list-manage.com,496-532-2479,12/19/2017,4,104413.79,4,1
61,Rica,Jobbings,rjobbings1o@list-manage.com,239-757-1503,11/8/2011,8,41920.84,3,29
62,Christophe,Boanas,cboanas1p@cpanel.net,705-943-6710,10/25/2018,8,107155.36,4,22
63,Delilah,Delany,ddelany1q@cornell.edu,732-366-9507,3/14/2014,10,148703.85,3,19
64,Kora,Chesnay,kchesnay1r@xing.com,167-494-1379,11/19/2018,2,70155.09,2,16
65,Marcelia,Banbrick,mbanbrick1s@google.de,746-907-3030,3/4/2015,8,149862.84,4,10
66,Eugenie,Froment,efroment1t@nih.gov,982-893-6619,11/9/2015,3,128608.19,4,27
67,Mercy,Austing,mausting1u@wikia.com,222-452-9068,7/29/2011,6,47608.62,4,27
68,Erina,Needham,eneedham1v@icio.us,672-421-7976,10/17/2022,9,117902.8,2,26
69,Georgette,Schubbert,gschubbert1w@businessinsider.com,463-125-2840,6/2/2011,4,50892.44,2,5
70,Robby,Roullier,rroullier1x@php.net,269-420-2626,9/19/2018,3,43474.46,2,22
71,Bab,Brea,bbrea1y@apple.com,972-194-4072,1/16/2016,7,124193.32,3,17
72,Darelle,McKeag,dmckeag1z@uol.com.br,985-171-4371,6/26/2014,1,111940.52,4,19
73,Claudell,McSpirron,cmcspirron20@cam.ac.uk,469-281-4365,11/27/2019,4,62496.71,1,28
74,Gilberta,Bresman,gbresman21@cbslocal.com,835-160-7964,11/8/2020,7,71116.66,1,4
75,Bartlet,Edser,bedser22@fotki.com,824-634-4832,4/29/2023,3,102750.82,4,26
76,Francisco,D'Aulby,fdaulby23@imgur.com,644-753-9737,1/22/2013,10,128128.28,1,22
77,Debra,Sayer,dsayer24@pinterest.com,678-970-9067,6/11/2021,10,129667.0,5,18
78,Clemente,Van de Castele,cvandecastele25@ftc.gov,516-240-2796,6/14/2017,2,113019.09,5,6
79,Lance,Scatcher,lscatcher26@naver.com,328-325-4084,9/7/2015,6,147536.23,4,17
80,Lily,Ginnety,lginnety27@wired.com,554-566-9437,7/24/2018,2,90490.8,1,8
81,Goldia,Burchnall,gburchnall28@bloglines.com,310-934-4679,12/12/2024,2,41381.88,1,26
82,Halli,Dobrowolny,hdobrowolny29@buzzfeed.com,536-698-4844,6/17/2022,7,76790.97,4,26
83,Renata,Huddleston,rhuddleston2a@hao123.com,791-599-6800,9/8/2018,6,139180.81,4,9
84,Ardyce,Leil,aleil2b@cbc.ca,324-439-8825,4/27/2024,6,68233.73,4,4
85,Raquela,Torn,rtorn2c@ask.com,516-180-5265,1/29/2024,1,112400.59,2,13
86,Jewelle,Knipe,jknipe2d@macromedia.com,877-424-9634,6/1/2012,6,138201.54,2,23
87,Kiah,Canfer,kcanfer2e@hibu.com,186-380-9682,12/1/2023,3,137892.26,3,19
88,Brigitta,Marrian,bmarrian2f@flavors.me,601-579-5165,1/29/2022,7,78097.73,4,12
89,Marena,Beirne,mbeirne2g@uol.com.br,422-530-4897,2/18/2018,8,76406.29,5,4
90,Berti,Christie,bchristie2h@wordpress.com,874-999-5559,12/13/2015,6,76853.2,2,19
91,Cairistiona,Probbing,cprobbing2i@stumbleupon.com,512-839-6669,4/30/2012,7,107730.75,1,14
92,Sean,McElory,smcelory2j@businessweek.com,734-434-6906,10/17/2017,10,41341.75,4,9
93,Alameda,Got,agot2k@unc.edu,854-773-4595,1/23/2013,6,53080.46,3,20
94,Betta,Coates,bcoates2l@miibeian.gov.cn,765-159-5209,12/15/2024,3,149016.47,5,3
95,Lezlie,Cammock,lcammock2m@instagram.com,400-357-9837,6/5/2019,6,142434.11,3,27
96,Sibella,Newport,snewport2n@github.com,832-621-6264,4/23/2022,7,116954.9,4,17
97,Sybille,Verlinden,sverlinden2o@wisc.edu,998-315-3965,2/7/2022,3,56850.73,3,28
98,Carmine,Cescoti,ccescoti2p@slashdot.org,851-877-7116,8/30/2015,9,125736.08,5,23
99,Emmalee,Bente,ebente2q@examiner.com,668-731-7370,10/16/2013,3,99547.32,5,17
100,Graehme,Giacomo,ggiacomo2r@mtv.com,778-793-5797,4/17/2015,6,101720.65,5,5
101,Sid,Collard,scollard2s@yahoo.co.jp,187-613-1273,5/29/2018,6,123083.89,1,24
102,Amabelle,Degoy,adegoy2t@google.ca,793-309-8679,8/1/2021,7,137389.89,4,24
103,Dacey,Giorgioni,dgiorgioni2u@europa.eu,904-710-8012,6/12/2013,2,121213.77,1,12
104,Hilarius,Rickarsey,hrickarsey2v@mayoclinic.com,290-652-3300,3/9/2011,1,90237.25,3,19
105,Emilia,Polo,epolo2w@virginia.edu,852-237-3488,1/31/2021,5,47099.12,1,4
106,Blondy,Marrian,bmarrian2x@usgs.gov,759-926-9685,3/8/2018,4,91703.17,5,10
107,Shannah,Ruxton,sruxton2y@cdc.gov,487-928-8753,4/25/2013,6,147985.69,3,30
108,Michael,Arnaldi,marnaldi2z@latimes.com,560-419-8610,5/8/2019,5,114311.4,2,9
109,Lay,Djekovic,ldjekovic30@businessinsider.com,443-582-0438,1/2/2021,10,69418.06,5,11
110,Ilise,Bowley,ibowley31@bloglovin.com,903-866-0939,10/12/2013,3,59185.6,2,22
111,Odey,Blizard,oblizard32@google.co.jp,682-629-4142,2/7/2018,7,142686.71,3,27
112,Ketti,Kingscott,kkingscott33@tinyurl.com,758-298-1951,12/17/2019,3,94647.16,1,13
113,Vinni,Evershed,vevershed34@walmart.com,175-465-4768,9/7/2012,2,146930.66,4,13
114,Pattie,Coakley,pcoakley35@rambler.ru,427-889-7075,12/25/2022,9,125184.53,2,14
115,Bancroft,Lamzed,blamzed36@ft.com,502-594-4363,11/27/2013,10,64229.23,5,14
116,Therine,Govier,tgovier37@creativecommons.org,350-504-8738,10/11/2013,1,113938.37,4,17
117,Emma,Swinfen,eswinfen38@theguardian.com,636-106-2410,1/17/2017,9,115840.67,3,27
118,Dagmar,Vicar,dvicar39@homestead.com,435-505-6847,3/10/2011,7,57627.64,3,25
119,Lainey,Behnen,lbehnen3a@independent.co.uk,672-819-8624,1/31/2024,9,110378.13,2,6
120,Juanita,Francisco,jfrancisco3b@tinyurl.com,705-136-3063,4/6/2023,7,51029.37,3,9
121,Cathee,Hawkings,chawkings3c@myspace.com,722-641-6784,3/29/2013,1,141009.04,5,4
122,Ade,Stockney,astockney3d@cmu.edu,834-150-1912,12/25/2013,8,146435.58,4,8
123,Domeniga,Twelves,dtwelves3e@oakley.com,770-780-3717,3/28/2014,7,45447.38,4,26
124,Julie,Danilenko,jdanilenko3f@washingtonpost.com,831-695-5357,11/16/2014,10,69835.47,3,19
125,Alica,Letteresse,aletteresse3g@eventbrite.com,355-527-1278,10/6/2020,3,121191.06,1,3
126,Florida,Azema,fazema3h@amazon.co.uk,452-794-8532,9/28/2013,10,46298.25,5,10
127,Kean,Wilcinskis,kwilcinskis3i@a8.net,750-234-1667,8/20/2020,3,61993.53,1,7
128,Lorrayne,Erskine Sandys,lerskinesandys3j@omniture.com,605-382-6191,4/27/2021,3,89329.18,2,10
129,Haydon,Margett,hmargett3k@sakura.ne.jp,322-127-1235,9/13/2013,10,119568.38,4,20
130,Grover,Gerler,ggerler3l@arizona.edu,575-213-7958,3/30/2018,3,116911.98,4,2
131,Jed,Salters,jsalters3m@google.fr,554-491-8640,6/13/2019,1,125377.11,2,24
132,Jorey,Hollow,jhollow3n@miitbeian.gov.cn,663-896-1454,12/9/2012,6,138405.67,1,17
133,Robinia,Spiller,rspiller3o@nba.com,634-651-7944,5/10/2010,7,76786.69,3,29
134,Annalee,Coster,acoster3p@i2i.jp,330-149-0852,10/2/2012,4,61800.06,3,18
135,Frayda,Connett,fconnett3q@tmall.com,880-407-4731,8/6/2019,4,140236.26,2,2
136,Glynn,Culshaw,gculshaw3r@blogtalkradio.com,149-540-2247,1/28/2022,7,87395.53,5,29
137,Essa,Elderbrant,eelderbrant3s@prlog.org,598-704-4237,12/17/2019,2,58528.07,4,24
138,Zonda,Chippin,zchippin3t@pagesperso-orange.fr,145-927-3451,8/15/2010,4,114560.39,4,28
139,Ronica,Acory,racory3u@bing.com,241-817-8138,9/30/2012,6,104551.3,5,17
140,Lowrance,Dumphrey,ldumphrey3v@cnn.com,352-781-2080,9/17/2024,3,49091.1,5,2
141,Cristina,Roget,croget3w@scribd.com,331-790-6414,1/15/2018,9,73830.09,5,25
142,Anabella,Mungham,amungham3x@yolasite.com,591-153-8775,12/14/2017,10,128164.5,2,7
143,Peter,Swigg,pswigg3y@businessweek.com,151-598-1011,5/6/2024,5,98923.95,3,3
144,Casie,Camamile,ccamamile3z@issuu.com,515-780-1294,2/16/2015,4,125878.01,2,2
145,Paulie,Spon,pspon40@usgs.gov,466-636-5547,3/3/2012,7,102219.83,5,2
146,Lyn,Ruperti,lruperti41@etsy.com,217-430-7050,2/16/2024,2,146676.46,5,28
147,Bastien,Leckey,bleckey42@yahoo.com,200-108-5513,1/22/2013,5,68043.64,4,3
148,Jermaine,Guerner,jguerner43@marriott.com,156-276-9662,10/5/2010,4,99731.51,2,8
149,Ainslie,Truesdale,atruesdale44@symantec.com,684-974-2699,3/21/2014,3,109983.68,1,7
150,Milo,Reddings,mreddings45@pagesperso-orange.fr,112-126-5939,8/28/2019,6,71721.5,3,5
151,Mason,Gifkins,mgifkins46@walmart.com,362-103-9652,3/8/2024,10,53739.7,5,23
152,Rheta,Sebrens,rsebrens47@imageshack.us,189-256-6998,8/9/2018,8,55950.51,4,6
153,Burlie,Gittoes,bgittoes48@disqus.com,777-743-6179,4/22/2018,9,132277.61,3,29
154,Faydra,Holburn,fholburn49@google.pl,636-365-6362,2/18/2021,1,73115.17,1,16
155,Faythe,Withinshaw,fwithinshaw4a@addtoany.com,210-352-8073,3/18/2021,4,144629.76,3,17
156,Thomasin,Frichley,tfrichley4b@slate.com,995-178-6147,4/6/2011,4,121042.73,2,2
157,Ambur,Prescott,aprescott4c@google.com.br,466-450-7890,6/12/2015,8,110475.0,5,26
158,Trueman,Caff,tcaff4d@comsenz.com,637-525-9331,8/30/2014,10,124936.48,5,9
159,Shandee,Longea,slongea4e@people.com.cn,320-404-4671,1/15/2018,2,107337.16,3,19
160,Amalie,Petera,apetera4f@smh.com.au,977-905-6105,11/25/2016,2,65462.82,1,6
161,Tiffie,Leinthall,tleinthall4g@com.com,204-125-3642,9/6/2019,10,104239.79,4,17
162,Andrus,Halbert,ahalbert4h@timesonline.co.uk,924-341-9689,6/7/2020,6,137038.01,1,2
163,Ximenes,Keggins,xkeggins4i@facebook.com,110-646-7469,1/14/2016,10,134866.88,1,28
164,Royal,de Merida,rdemerida4j@marriott.com,264-756-3581,8/16/2024,5,127995.25,2,5
165,Netty,Glaisner,nglaisner4k@home.pl,265-620-2590,1/28/2024,4,87045.63,3,19
166,Kelbee,Stockford,kstockford4l@uol.com.br,395-267-3551,10/27/2024,8,78854.76,2,16
167,Myrle,Hendrick,mhendrick4m@jalbum.net,487-516-1326,7/30/2010,5,136995.99,2,23
168,Friederike,Belfitt,fbelfitt4n@walmart.com,549-877-0714,1/19/2022,10,107035.5,3,7
169,Harlene,Burkitt,hburkitt4o@discovery.com,161-524-7781,10/4/2017,3,67321.14,3,18
170,Maybelle,Veazey,mveazey4p@spiegel.de,419-446-9682,6/19/2019,5,40694.76,5,28
171,Tyne,Corneille,tcorneille4q@printfriendly.com,164-174-4776,3/5/2024,4,123118.27,4,25
172,Chevalier,Copcutt,ccopcutt4r@bravesites.com,619-863-1921,12/16/2020,7,46014.28,4,11
173,Louise,Rizon,lrizon4s@constantcontact.com,512-284-5728,5/21/2010,7,141539.17,4,3
174,Elfreda,Bertram,ebertram4t@canalblog.com,933-497-1884,7/4/2018,2,60682.9,2,28
175,Armando,Le Lievre,alelievre4u@behance.net,789-699-0183,7/20/2022,5,83617.63,2,20
176,Brenn,Gryglewski,bgryglewski4v@chronoengine.com,655-788-9649,10/17/2013,8,64647.85,1,27
177,Clark,Goodsell,cgoodsell4w@yellowbook.com,665-503-3859,11/6/2014,9,72311.4,4,1
178,Huberto,Redd,hredd4x@comsenz.com,100-963-8587,4/11/2014,2,87616.03,4,29
179,Ertha,Blaskett,eblaskett4y@icq.com,409-650-8820,7/14/2011,2,115589.91,4,16
180,Riva,Pershouse,rpershouse4z@dailymotion.com,940-852-6044,4/24/2016,3,126284.8,3,19
181,Gus,Ironside,gironside50@elpais.com,249-427-2449,1/19/2012,6,60227.82,1,1
182,Amalle,Jolley,ajolley51@imageshack.us,876-388-1575,11/29/2014,10,67560.99,3,23
183,Alfredo,Ingold,aingold52@arizona.edu,267-291-2013,2/18/2013,10,66506.5,5,23
184,Perrine,Jedrzejkiewicz,pjedrzejkiewicz53@oracle.com,530-357-7572,8/12/2024,10,66062.63,3,24
185,Jessi,Ege,jege54@facebook.com,394-656-6562,7/18/2015,8,93019.93,1,18
186,Petra,Kisbey,pkisbey55@nps.gov,207-656-9876,4/28/2022,1,104982.09,2,28
187,Mame,Farish,mfarish56@cmu.edu,601-267-8211,11/18/2018,5,56446.06,4,30
188,Ashely,Tomich,atomich57@ca.gov,423-559-1506,11/26/2022,2,133676.7,4,3
189,Tristam,Prazer,tprazer58@prweb.com,467-605-4037,4/10/2024,4,123989.61,2,26
190,Raimund,Doumenc,rdoumenc59@t.co,121-601-6558,4/7/2024,4,128728.79,5,15
191,Kaitlyn,Caseri,kcaseri5a@washingtonpost.com,727-269-8729,5/15/2014,5,76695.95,3,14
192,Orsa,Fridaye,ofridaye5b@woothemes.com,235-548-0983,8/27/2021,3,67767.44,1,24
193,Fonsie,Robken,frobken5c@lulu.com,627-616-2418,6/25/2010,1,50472.73,3,11
194,Vittoria,Moston,vmoston5d@forbes.com,549-994-6375,11/24/2019,2,66288.61,5,26
195,Shalne,Dellow,sdellow5e@topsy.com,670-277-7648,2/21/2016,1,141999.19,5,6
196,Kaja,Dimitrescu,kdimitrescu5f@ycombinator.com,558-367-4514,9/22/2023,1,138001.04,1,8
197,Josh,Fernyhough,jfernyhough5g@histats.com,286-780-1290,12/24/2023,2,129894.04,5,7
198,Kincaid,Henryson,khenryson5h@theguardian.com,550-980-1455,6/30/2014,4,71347.25,2,28
199,Rochella,Risman,rrisman5i@time.com,445-520-9769,6/29/2021,5,145472.82,5,4
200,Debora,Coldrick,dcoldrick5j@nih.gov,402-784-4854,6/29/2010,9,42672.14,2,27
